Year, kWh, kvarh, "Peak kW", "peak kVA", "Losses kWh", "Losses kvarh", "Peak Losses kW"
0, 86391.1709146144, 32084.7740354017, 3599.66866760057, 3839.90500078712, 2293.16839580285, 4614.14529105521, 95.551296856388
