Year, kWh, kvarh, "Peak kW", "peak kVA", "Losses kWh", "Losses kvarh", "Peak Losses kW"
1, 16752628.2525113, 2606281.76277036, 3601.06558335545, 3838.99550722426, 265567.395778631, 528353.933357506, 95.5347122615228
