Year, kWh, kvarh, "Peak kW", "peak kVA", "Losses kWh", "Losses kvarh", "Peak Losses kW"
1, 19158347.8439472, 3952499.57822705, 3615.24310442095, 3845.78421472664, 332359.713142014, 662629.47363385, 95.9769398990268
