Year, kWh, kvarh, "Peak kW", "peak kVA", "Losses kWh", "Losses kvarh", "Peak Losses kW"
1, 356317.119620181, 146340.883459997, 2573.11642437988, 2857.33410394959, 6937.26978256722, 13556.4840179345, 58.6953401717382
